{
  "1280x1024": {
    "botao_microsoft_rewards": [
      0.259375,
      0.0947265625
    ],
    "detalhamentos_pontos": [
      0.73046875,
      0.31640625
    ],
    "abrir_pc_search": [
      0.41328125,
      0.4296875
    ],
    "barra_pesquisa": [
      0.14609375,
      0.162109375
    ],
    "aba_pesquisa": [
      0.3046875,
      0.017578125
    ],
    "aba_principal": [
      0.1046875,
      0.0146484375
    ],
    "pc_search_region": [
      0.0,
      0.0,
      0.99921875,
      0.9990234375
    ]
  }
}